"","#","Country,Other","TotalCases","NewCases","TotalDeaths","NewDeaths","TotalRecovered","NewRecovered","ActiveCases","Serious,Critical","Tot Cases/1M pop","Deaths/1M pop","TotalTests","Tests/1M pop","Population","Continent","1 Caseevery X ppl","1 Deathevery X ppl","1 Testevery X ppl"
"1",NA,"North America","33,565,070","+3,360","759,891",468,"23,248,152","+3,964","9,557,027","21,321","","","","","","North America","","",""
"2",NA,"Asia","25,006,779","+2,278","398,356",36,"23,518,954","+3,406","1,089,469","21,930","","","","","","Asia","","",""
"3",NA,"South America","17,991,688","+463","466,860",21,"16,259,018","+479","1,265,810","18,955","","","","","","South America","","",""
"4",NA,"Europe","34,149,236","+2,097","813,232",25,"23,698,937","+165","9,637,067","25,544","","","","","","Europe","","",""
"5",NA,"Africa","3,924,598","","103,868",NA,"3,484,084","","336,646","2,555","","","","","","Africa","","",""
"6",NA,"Oceania","51,168","+7","1,088",NA,"34,286","+7","15,794","6","","","","","","Australia/Oceania","","",""
"7",NA,"","721","","15",NA,"706","","0","0","","","","","","","","",""
"8",NA,"World","114,689,260","+8,205","2,543,310",550,"90,244,137","+8,021","21,901,813","90,311","14,714","326.3","","","","All","","",""
"9",1,"USA","29,255,344","","525,776",NA,"19,694,306","","9,035,262","14,786","88,042","1,582","359,021,570","1,080,451","332,288,557","North America","11","632","1"
"10",2,"India","11,112,241","+185","157,195",NA,"10,786,457","+1,889","168,589","8,944","8,000","113","216,858,774","156,129","1,388,975,299","Asia","125","8,836","6"
"11",3,"Brazil","10,551,259","","255,018",NA,"9,411,033","","885,208","8,318","49,407","1,194","28,600,000","133,920","213,559,824","South America","20","837","7"
"12",4,"Russia","4,246,079","","86,122",NA,"3,811,797","","348,160","2,300","29,088","590","111,000,000","760,399","145,976,024","Europe","34","1,695","1"
"13",5,"UK","4,176,554","","122,849",NA,"2,905,317","","1,148,388","1,971","61,310","1,803","89,162,545","1,308,859","68,122,332","Europe","16","555","1"
"14",6,"France","3,755,968","","86,454",NA,"254,868","","3,414,646","3,430","57,458","1,323","51,853,607","793,240","65,369,365","Europe","17","756","1"
"15",7,"Spain","3,188,553","","69,142",NA,"2,647,446","","471,965","3,021","68,180","1,478","38,491,517","823,052","46,766,806","Europe","15","676","1"
"16",8,"Italy","2,925,265","","97,699",NA,"2,405,199","","422,367","2,231","48,429","1,617","40,132,887","664,422","60,402,725","Europe","21","618","2"
"17",9,"Turkey","2,701,588","","28,569",NA,"2,572,234","","100,785","1,191","31,806","336","33,175,016","390,575","84,938,841","Asia","31","2,973","3"
"18",10,"Germany","2,450,294","","70,687",NA,"2,248,400","","131,207","2,848","29,183","842","43,950,029","523,454","83,961,653","Europe","34","1,188","2"
"19",11,"Colombia","2,251,690","","59,766",NA,"2,148,249","","43,675","2,240","43,943","1,166","11,458,960","223,627","51,241,336","South America","23","857","4"
"20",12,"Argentina","2,107,365","","51,965",NA,"1,905,021","","150,379","3,505","46,346","1,143","7,436,806","163,554","45,470,082","South America","22","875","6"
"21",13,"Mexico","2,086,938","+2,810","185,715",458,"1,633,900","+3,898","267,323","4,798","16,075","1,430","5,453,322","42,004","129,828,120","North America","62","699","24"
"22",14,"Poland","1,706,986","","43,769",NA,"1,422,829","","240,388","1,503","45,136","1,157","9,868,422","260,938","37,819,061","Europe","22","864","4"
"23",15,"Iran","1,631,169","","60,073",NA,"1,393,125","","177,971","3,732","19,258","709","10,853,800","128,140","84,702,699","Asia","52","1,410","8"
"24",16,"South Africa","1,513,393","","49,993",NA,"1,430,259","","33,141","546","25,307","836","9,077,479","151,791","59,802,408","Africa","40","1,196","7"
"25",17,"Ukraine","1,347,849","","25,982",NA,"1,170,023","","151,844","177","30,943","596","6,845,974","157,166","43,558,754","Europe","32","1,676","6"
"26",18,"Indonesia","1,334,634","","36,166",NA,"1,142,703","","155,765","","4,846","131","10,799,191","39,208","275,435,303","Asia","206","7,616","26"
"27",19,"Peru","1,329,805","","46,494",NA,"1,232,528","","50,783","2,150","39,964","1,397","7,584,699","227,941","33,274,900","South America","25","716","4"
"28",20,"Czechia","1,235,480","","20,339",NA,"1,067,557","","147,584","1,523","115,227","1,897","8,024,849","748,435","10,722,168","Europe","9","527","1"
"29",21,"Netherlands","1,088,690","","15,563",NA,"N/A","N/A","N/A","518","63,443","907","6,970,400","406,200","17,160,033","Europe","16","1,103","2"
"30",22,"Canada","866,503","","21,994",NA,"813,778","","30,731","567","22,826","579","24,425,703","643,441","37,961,073","North America","44","1,726","2"
"31",23,"Chile","825,625","","20,572",NA,"780,530","","24,523","1,659","42,946","1,070","9,366,844","487,228","19,224,767","South America","23","935","2"
"32",24,"Portugal","804,562","","16,317",NA,"718,977","","69,268","484","79,057","1,603","8,220,231","807,732","10,176,932","Europe","13","624","1"
"33",25,"Romania","801,994","","20,350",NA,"740,352","","41,292","1,006","41,875","1,063","6,052,647","316,029","19,152,187","Europe","24","941","3"
"34",26,"Israel","775,807","","5,752",NA,"733,410","","36,645","754","84,349","625","11,959,120","1,300,245","9,197,590","Asia","12","1,599","1"
"35",27,"Belgium","771,511","+2,097","22,077",25,"52,524","+165","696,910","397","66,378","1,899","9,469,086","814,681","11,623,063","Europe","15","526","1"
"36",28,"Iraq","695,489","","13,406",NA,"635,931","","46,152","397","17,040","328","6,846,243","167,737","40,815,271","Asia","59","3,045","6"
"37",29,"Sweden","657,309","","12,826",NA,"N/A","N/A","N/A","234","64,817","1,265","6,139,911","605,456","10,140,977","Europe","15","791","2"
"38",30,"Pakistan","581,365","+1,392","12,896",36,"546,371","+1,094","22,098","1,568","2,599","58","8,990,176","40,186","223,713,940","Asia","385","17,348","25"
"39",31,"Philippines","576,352","","12,318",NA,"534,271","","29,763","785","5,214","111","8,785,105","79,472","110,543,706","Asia","192","8,974","13"
"40",32,"Switzerland","554,932","","9,966",NA,"507,856","","37,110","180","63,811","1,146","5,025,401","577,863","8,696,523","Europe","16","873","2"
"41",33,"Bangladesh","546,216","","8,408",NA,"496,924","","40,884","","3,295","51","4,044,027","24,395","165,774,179","Asia","303","19,716","41"
"42",34,"Morocco","483,654","","8,623",NA,"469,046","","5,985","284","13,002","232","5,655,947","152,043","37,199,532","Africa","77","4,314","7"
"43",35,"Austria","459,440","","8,561",NA,"430,415","","20,464","279","50,821","947","5,368,211","593,799","9,040,445","Europe","20","1,056","2"
"44",36,"Serbia","459,259","","4,443",NA,"400,347","","54,469","162","52,704","510","2,940,507","337,448","8,713,949","Europe","19","1,961","3"
"45",37,"Japan","431,740","","7,860",NA,"409,319","","14,561","434","3,421","62","8,234,982","65,244","126,218,898","Asia","292","16,058","15"
"46",38,"Hungary","428,599","","14,974",NA,"321,128","","92,497","524","44,442","1,553","3,660,342","379,545","9,644,037","Europe","23","644","3"
"47",39,"UAE","391,524","","1,221",NA,"381,225","","9,078","","39,273","122","30,665,851","3,076,021","9,969,323","Asia","25","8,165","0"
"48",40,"Jordan","391,090","","4,701",NA,"348,599","","37,790","302","38,080","458","4,600,197","447,921","10,270,104","Asia","26","2,185","2"
"49",41,"Saudi Arabia","377,383","","6,494",NA,"368,305","","2,584","481","10,730","185","13,633,077","387,620","35,171,284","Asia","93","5,416","3"
"50",42,"Lebanon","375,050","","4,692",NA,"291,590","","78,768","912","55,113","689","3,025,365","444,573","6,805,100","Asia","18","1,450","2"
"51",43,"Panama","340,915","","5,845",NA,"326,213","","8,857","195","78,200","1,341","1,908,448","437,764","4,359,539","North America","13","746","2"
"52",44,"Slovakia","308,083","","7,189",NA,"255,300","","45,594","677","56,411","1,316","2,046,571","374,734","5,461,398","Europe","18","760","3"
"53",45,"Malaysia","300,752","","1,130",NA,"273,417","","26,205","202","9,214","35","6,234,519","191,010","32,639,768","Asia","109","28,885","5"
"54",46,"Belarus","287,306","","1,976",NA,"277,995","","7,335","","30,412","209","4,898,038","518,461","9,447,258","Europe","33","4,781","2"
"55",47,"Ecuador","286,155","","15,811",NA,"247,898","","22,446","532","16,058","887","1,009,661","56,660","17,819,701","South America","62","1,127","18"
"56",48,"Nepal","274,143","","2,774",NA,"270,407","","962","","9,299","94","2,162,936","73,365","29,481,826","Asia","108","10,628","14"
"57",49,"Georgia","270,758","","3,510",NA,"265,114","","2,134","","67,960","881","2,712,097","680,734","3,984,076","Asia","15","1,135","1"
"58",50,"Bolivia","249,010","+463","11,649",21,"193,032","+479","44,329","71","21,142","989","720,678","61,188","11,778,096","South America","47","1,011","16"
"59",51,"Bulgaria","247,038","","10,191",NA,"205,545","","31,302","394","35,732","1,474","1,665,229","240,863","6,913,582","Europe","28","678","4"
"60",52,"Croatia","242,973","","5,526",NA,"234,234","","3,213","67","59,430","1,352","1,344,652","328,894","4,088,403","Europe","17","740","3"
"61",53,"Dominican Republic","239,617","","3,100",NA,"191,338","","45,179","207","21,943","284","1,207,621","110,590","10,919,830","North America","46","3,523","9"
"62",54,"Azerbaijan","234,537","","3,220",NA,"228,768","","2,549","","22,995","316","2,598,679","254,782","10,199,628","Asia","43","3,168","4"
"63",55,"Tunisia","233,277","","8,001",NA,"198,006","","27,270","266","19,603","672","979,785","82,332","11,900,361","Africa","51","1,487","12"
"64",56,"Ireland","219,592","","4,319",NA,"23,364","","191,909","133","44,146","868","3,523,320","708,315","4,974,231","Europe","23","1,152","1"
"65",57,"Kazakhstan","213,431","+622","2,540",NA,"196,889","+346","14,002","221","11,278","134","7,419,449","392,044","18,925,047","Asia","89","7,451","3"
"66",58,"Denmark","211,195","","2,361",NA,"202,181","","6,653","41","36,377","407","17,016,520","2,930,987","5,805,730","Europe","27","2,459","0"
"67",59,"Costa Rica","204,341","","2,800",NA,"177,099","","24,442","147","39,872","546","669,685","130,673","5,124,886","North America","25","1,830","8"
"68",60,"Lithuania","197,343","","3,234",NA,"183,324","","10,785","153","73,174","1,199","2,115,119","784,276","2,696,905","Europe","14","834","1"
"69",61,"Greece","191,100","","6,504",NA,"165,718","","18,878","391","18,394","626","5,235,862","503,974","10,389,159","Europe","54","1,597","2"
"70",62,"Kuwait","190,852","","1,083",NA,"179,209","","10,560","156","44,258","251","1,784,499","413,823","4,312,223","Asia","23","3,982","2"
"71",63,"Slovenia","190,081","","3,836",NA,"175,210","","11,035","95","91,423","1,845","912,361","438,819","2,079,128","Europe","11","542","2"
"72",64,"Moldova","185,453","","3,949",NA,"166,178","","15,326","311","46,044","980","717,590","178,162","4,027,728","Europe","22","1,020","6"
"73",65,"Palestine","183,612","","2,042",NA,"166,936","","14,634","117","35,451","394","1,164,857","224,908","5,179,262","Asia","28","2,536","4"
"74",66,"Egypt","182,424","","10,688",NA,"140,892","","30,844","90","1,761","103","1,000,000","9,652","103,604,518","Africa","568","9,694","104"
"75",67,"Guatemala","174,542","","6,393",NA,"161,511","","6,638","5","9,625","353","917,819","50,614","18,133,693","North America","104","2,836","20"
"76",68,"Armenia","172,058","","3,192",NA,"163,394","","5,472","","57,992","1,076","729,267","245,799","2,966,919","Asia","17","929","4"
"77",69,"Honduras","170,304","+550","4,151",10,"66,513","+66","99,640","406","17,016","415","447,919","44,754","10,008,435","North America","59","2,411","22"
"78",70,"Qatar","163,664","","258",NA,"153,621","","9,785","105","58,289","92","1,537,958","547,744","2,807,805","Asia","17","10,883","2"
"79",71,"Paraguay","159,474","","3,181",NA,"133,435","","22,858","257","22,179","442","751,582","104,526","7,190,395","South America","45","2,260","10"
"80",72,"Ethiopia","159,072","","2,365",NA,"134,858","","21,849","377","1,362","20","2,134,587","18,271","116,831,357","Africa","734","49,400","55"
"81",73,"Nigeria","155,657","","1,907",NA,"133,768","","19,982","10","743","9","1,489,103","7,108","209,490,658","Africa","1,346","109,854","141"
"82",74,"Myanmar","141,896","","3,199",NA,"131,480","","7,217","","2,596","59","2,490,989","45,580","54,651,351","Asia","385","17,084","22"
"83",75,"Oman","141,496","","1,570",NA,"132,459","","7,467","67","27,254","302","1,550,000","298,549","5,191,779","Asia","37","3,307","3"
"84",76,"Venezuela","139,116","","1,344",NA,"130,834","","6,938","131","4,901","47","2,844,236","100,211","28,382,348","South America","204","21,118","10"
"85",77,"Libya","133,338","","2,179",NA,"120,240","","10,919","","19,233","314","725,979","104,714","6,932,952","Africa","52","3,182","10"
"86",78,"Bosnia and Herzegovina","130,979","","5,071",NA,"115,847","","10,061","","40,089","1,552","661,206","202,375","3,267,225","Europe","25","644","5"
"87",79,"Bahrain","122,394","","449",NA,"115,089","","6,856","66","70,335","258","3,092,326","1,777,047","1,740,149","Asia","14","3,876","1"
"88",80,"Algeria","113,092","","2,983",NA,"78,098","","32,011","21","2,549","67","","","44,372,339","Africa","392","14,875",""
"89",81,"Albania","107,167","","1,796",NA,"69,773","","35,598","46","37,266","625","462,386","160,790","2,875,708","Europe","27","1,601","6"
"90",82,"Kenya","105,973","","1,856",NA,"86,678","","17,439","58","1,943","34","1,298,838","23,810","54,549,351","Africa","515","29,391","42"
"91",83,"North Macedonia","102,787","","3,137",NA,"91,233","","8,417","124","49,338","1,506","522,518","250,811","2,083,317","Europe","20","664","4"
"92",84,"S. Korea","89,676","","1,603",NA,"80,697","","7,376","135","1,748","31","6,649,006","129,614","51,298,485","Asia","572","32,002","8"
"93",85,"Kyrgyzstan","86,229","","1,464",NA,"83,179","","1,586","29","13,075","222","743,985","112,808","6,595,118","Asia","76","4,505","9"
"94",86,"Latvia","86,186","","1,618",NA,"75,255","","9,313","74","46,033","864","1,500,448","801,402","1,872,278","Europe","22","1,157","1"
"95",87,"Ghana","84,023","","607",NA,"77,972","","5,444","132","2,667","19","893,602","28,369","31,499,287","Africa","375","51,893","35"
"96",88,"Sri Lanka","83,094","","464",NA,"78,947","","3,683","","3,870","22","2,030,702","94,571","21,472,778","Asia","258","46,278","11"
"97",89,"Uzbekistan","79,886","","622",NA,"78,442","","822","27","2,364","18","1,377,915","40,780","33,789,149","Asia","423","54,323","25"
"98",90,"Zambia","78,534","","1,091",NA,"74,498","","2,945","251","4,195","58","1,087,439","58,086","18,721,032","Africa","238","17,160","17"
"99",91,"Montenegro","75,834","","1,003",NA,"66,226","","8,605","68","120,732","1,597","281,114","447,549","628,119","Europe","8","626","2"
"100",92,"Norway","71,006","","622",NA,"63,783","","6,601","19","13,030","114","3,825,778","702,068","5,449,298","Europe","77","8,761","1"
"101",93,"Estonia","65,600","","589",NA,"49,908","","15,103","42","49,430","444","934,681","704,289","1,327,127","Europe","20","2,253","1"
"102",94,"Singapore","59,936","","29",NA,"59,823","","84","1","10,192","5","7,290,760","1,239,758","5,880,794","Asia","98","202,786","1"
"103",95,"El Salvador","59,866","","1,854",NA,"55,312","","2,700","43","9,199","285","761,858","117,067","6,507,896","North America","109","3,510","9"
"104",96,"Mozambique","59,350","","641",NA,"41,096","","17,613","","1,865","20","423,338","13,300","31,828,733","Africa","536","49,655","75"
"105",97,"Uruguay","57,994","","608",NA,"50,039","","7,347","76","16,657","175","1,017,834","292,337","3,481,715","South America","60","5,727","3"
"106",98,"Finland","57,672","","742",NA,"46,000","","10,930","38","10,398","134","3,316,327","597,921","5,546,434","Europe","96","7,475","2"
"107",99,"Afghanistan","55,733","","2,444",NA,"49,333","","3,956","1,066","1,411","62","298,149","7,547","39,504,098","Asia","709","16,164","132"
"108",100,"Luxembourg","55,435","","638",NA,"51,487","","3,310","20","87,618","1,008","2,123,248","3,355,911","632,689","Europe","11","992","0"
"109",101,"Cuba","49,779","","322",NA,"45,242","","4,215","55","4,397","28","2,392,132","211,281","11,322,022","North America","227","35,162","5"
"110",102,"Uganda","40,357","","334",NA,"14,666","","25,357","","864","7","880,395","18,858","46,684,827","Africa","1,157","139,775","53"
"111",103,"Namibia","38,845","","424",NA,"36,261","","2,160","20","15,108","165","302,912","117,810","2,571,198","Africa","66","6,064","8"
"112",104,"Zimbabwe","36,089","","1,463",NA,"32,666","","1,960","41","2,405","97","338,614","22,566","15,005,632","Africa","416","10,257","44"
"113",105,"Cameroon","35,714","","551",NA,"32,594","","2,569","53","1,324","20","149,000","5,523","26,979,241","Africa","755","48,964","181"
"114",106,"Cyprus","34,707","","231",NA,"2,057","","32,419","24","28,608","190","1,974,004","1,627,135","1,213,178","Asia","35","5,252","1"
"115",107,"Senegal","34,520","","872",NA,"28,894","","4,754","52","2,027","51","388,952","22,835","17,033,077","Africa","493","19,533","44"
"116",108,"Ivory Coast","32,754","","192",NA,"32,624","","-62","","1,222","7","423,731","15,807","26,806,708","Africa","818","139,618","63"
"117",109,"Malawi","31,945","","1,044",NA,"18,874","","12,027","4","1,642","54","197,924","10,174","19,453,982","Africa","609","18,634","98"
"118",110,"Australia","28,975","+5","909",NA,"26,175","+7","1,891","","1,128","35","14,370,837","559,278","25,695,333","Australia/Oceania","887","28,268","2"
"119",111,"Botswana","28,371","","310",NA,"23,244","","4,817","1","11,906","130","805,587","338,077","2,382,850","Africa","84","7,687","3"
"120",112,"Sudan","28,351","","1,880",NA,"22,907","","3,564","","637","42","","","44,521,306","Africa","1,570","23,682",""
"121",113,"Thailand","25,951","","83",NA,"25,128","","740","1","371","1","1,217,873","17,419","69,916,198","Asia","2,694","842,364","57"
"122",114,"DRC","25,913","","707",NA,"18,951","","6,255","","284","8","","","91,341,620","Africa","3,525","129,196",""
"123",115,"Jamaica","23,263","","422",NA,"13,410","","9,431","22","7,833","142","210,450","70,865","2,969,736","North America","128","7,037","14"
"124",116,"Malta","22,482","","315",NA,"19,447","","2,720","18","50,827","712","698,239","1,578,573","442,323","Europe","20","1,404","1"
"125",117,"Angola","20,807","","508",NA,"19,322","","977","12","620","15","189,473","5,650","33,534,432","Africa","1,612","66,013","177"
"126",118,"Madagascar","19,831","","297",NA,"19,296","","238","23","704","11","119,608","4,248","28,157,690","Africa","1,420","94,807","235"
"127",119,"Maldives","19,793","","62",NA,"17,249","","2,482","162","36,197","113","523,778","957,874","546,813","Asia","28","8,820","1"
"128",120,"Rwanda","18,850","","261",NA,"17,313","","1,276","11","1,432","20","1,009,041","76,659","13,162,804","Africa","698","50,432","13"
"129",121,"French Polynesia","18,387","","139",NA,"4,842","","13,406","6","65,206","493","26,355","93,463","281,984","Australia/Oceania","15","2,029","11"
"130",122,"Mauritania","17,207","","441",NA,"16,563","","203","14","3,638","93","173,540","36,691","4,729,751","Africa","275","10,725","27"
"131",123,"Eswatini","17,014","","652",NA,"14,676","","1,686","36","14,565","558","151,217","129,455","1,168,104","Africa","69","1,792","8"
"132",124,"Mayotte","16,861","","109",NA,"2,964","","13,788","22","60,841","393","123,040","443,973","277,134","Africa","16","2,543","2"
"133",125,"French Guiana","16,627","","85",NA,"9,995","","6,547","6","54,738","280","149,894","493,468","303,756","South America","18","3,574","2"
"134",126,"Guinea","15,992","","89",NA,"14,897","","1,006","24","1,196","7","138,721","10,379","13,366,130","Africa","836","150,181","96"
"135",127,"Syria","15,588","","1,027",NA,"9,801","","4,760","","877","58","","","17,779,575","Asia","1,141","17,312",""
"136",128,"Cabo Verde","15,400","","147",NA,"14,814","","439","23","27,501","263","122,118","218,076","559,978","Africa","36","3,809","5"
"137",129,"Gabon","14,564","","83",NA,"13,143","","1,338","10","6,444","37","524,784","232,184","2,260,203","Africa","155","27,231","4"
"138",130,"Tajikistan","13,308","","90",NA,"13,218","","0","","1,375","9","","","9,678,334","Asia","727","107,537",""
"139",131,"Haiti","12,448","","249",NA,"9,712","","2,487","","1,083","22","54,379","4,731","11,494,325","North America","923","46,162","211"
"140",132,"Réunion","12,416","","52",NA,"11,270","","1,094","55","13,803","58","98,785","109,817","899,542","Africa","72","17,299","9"
"141",133,"Belize","12,293","","315",NA,"11,836","","142","2","30,551","783","83,888","208,480","402,380","North America","33","1,277","5"
"142",134,"Burkina Faso","11,982","","142",NA,"11,493","","347","","563","7","","","21,278,662","Africa","1,776","149,850",""
"143",135,"Hong Kong","11,006","","199",NA,"10,536","","271","17","1,460","26","7,980,942","1,058,869","7,537,232","Asia","685","37,876","1"
"144",136,"Andorra","10,866","","110",NA,"10,446","","310","17","140,484","1,422","193,595","2,502,941","77,347","Europe","7","703","0"
"145",137,"Lesotho","10,491","","292",NA,"3,745","","6,454","","4,872","136","60,460","28,075","2,153,488","Africa","205","7,375","36"
"146",138,"Guadeloupe","9,746","","159",NA,"2,242","","7,345","6","24,355","397","131,178","327,807","400,169","North America","41","2,517","3"
"147",139,"Suriname","8,929","","172",NA,"8,406","","351","6","15,131","291","40,864","69,248","590,109","South America","66","3,431","14"
"148",140,"Congo","8,820","","128",NA,"7,019","","1,673","","1,573","23","92,500","16,497","5,607,180","Africa","636","43,806","61"
"149",141,"Guyana","8,585","","195",NA,"7,972","","418","4","10,880","247","65,258","82,703","789,068","South America","92","4,047","12"
"150",142,"Bahamas","8,519","","179",NA,"7,309","","1,031","2","21,527","452","67,841","171,433","395,729","North America","46","2,211","6"
"151",143,"Mali","8,376","","353",NA,"6,402","","1,621","","406","17","153,345","7,432","20,632,537","Africa","2,463","58,449","135"
"152",144,"South Sudan","7,926","","93",NA,"4,217","","3,616","11","703","8","109,705","9,725","11,280,414","Africa","1,423","121,295","103"
"153",145,"Aruba","7,891","","73",NA,"7,595","","223","11","73,702","682","105,370","984,150","107,067","North America","14","1,467","1"
"154",146,"Trinidad and Tobago","7,713","","139",NA,"7,466","","108","2","5,499","99","96,180","68,578","1,402,494","North America","182","10,090","15"
"155",147,"Somalia","7,257","","239",NA,"3,808","","3,210","","448","15","","","16,183,539","Africa","2,230","67,714",""
"156",148,"Togo","6,901","","84",NA,"5,660","","1,157","","821","10","236,373","28,119","8,406,082","Africa","1,218","100,072","36"
"157",149,"Martinique","6,687","","45",NA,"98","","6,544","2","17,829","120","100,913","269,050","375,072","North America","56","8,335","4"
"158",150,"Nicaragua","6,445","","173",NA,"4,225","","2,047","","965","26","","","6,676,612","North America","1,036","38,593",""
"159",151,"Djibouti","6,066","","63",NA,"5,897","","106","","6,081","63","115,711","116,004","997,477","Africa","164","15,833","9"
"160",152,"Iceland","6,049","","29",NA,"6,006","","14","8","17,650","85","499,700","1,458,084","342,710","Europe","57","11,818","1"
"161",153,"Equatorial Guinea","6,005","","91",NA,"5,622","","292","24","4,190","63","97,933","68,337","1,433,079","Africa","239","15,748","15"
"162",154,"Benin","5,434","","70",NA,"4,248","","1,116","35","441","6","476,511","38,642","12,331,306","Africa","2,269","176,162","26"
"163",155,"CAR","5,004","","63",NA,"4,920","","21","2","1,024","13","37,104","7,595","4,885,070","Africa","976","77,541","132"
"164",156,"Niger","4,740","","172",NA,"4,250","","318","23","191","7","78,967","3,187","24,777,631","Africa","5,227","144,056","314"
"165",157,"Curaçao","4,730","","22",NA,"4,641","","67","1","28,747","134","50,962","309,728","164,538","North America","35","7,479","3"
"166",158,"Gambia","4,712","","150",NA,"4,089","","473","8","1,915","61","42,976","17,462","2,461,116","Africa","522","16,407","57"
"167",159,"Gibraltar","4,239","","93",NA,"4,124","","22","3","125,846","2,761","186,632","5,540,672","33,684","Europe","8","362","0"
"168",160,"Channel Islands","4,038","","86",NA,"3,928","","24","1","23,084","492","372,876","2,131,658","174,923","Europe","43","2,034","0"
"169",161,"Chad","3,973","","140",NA,"3,475","","358","","237","8","","","16,734,329","Africa","4,212","119,531",""
"170",162,"Sierra Leone","3,887","","79",NA,"2,621","","1,187","","481","10","116,448","14,405","8,083,644","Africa","2,080","102,325","69"
"171",163,"San Marino","3,716","","74",NA,"3,257","","385","8","109,365","2,178","42,306","1,245,100","33,978","Europe","9","459","1"
"172",164,"Comoros","3,571","","144",NA,"3,314","","113","","4,050","163","","","881,774","Africa","247","6,123",""
"173",165,"Saint Lucia","3,390","","35",NA,"3,013","","342","2","18,406","190","31,081","168,751","184,183","North America","54","5,262","6"
"174",166,"Guinea-Bissau","3,262","","48",NA,"2,613","","601","7","1,632","24","52,274","26,156","1,998,528","Africa","613","41,636","38"
"175",167,"Barbados","3,068","","33",NA,"2,407","","628","","10,667","115","125,693","437,027","287,609","North America","94","8,715","2"
"176",168,"Mongolia","2,952","+45","2",NA,"2,299","+50","651","10","891","0.6","1,796,804","542,336","3,313,082","Asia","1,122","1,656,541","2"
"177",169,"Eritrea","2,847","","7",NA,"2,253","","587","","796","2","23,693","6,620","3,578,807","Africa","1,257","511,258","151"
"178",170,"Seychelles","2,618","","11",NA,"2,287","","320","","26,511","111","5,200","52,658","98,750","Africa","38","8,977","19"
"179",171,"Liechtenstein","2,567","","54",NA,"2,484","","29","3","67,197","1,414","27,354","716,055","38,201","Europe","15","707","1"
"180",172,"Vietnam","2,448","","35",NA,"1,876","","537","","25","0.4","1,997,072","20,395","97,917,909","Asia","39,999","2,797,655","49"
"181",173,"New Zealand","2,378","+2","26",NA,"2,285","","67","","475","5","1,712,029","342,262","5,002,100","Australia/Oceania","2,103","192,388","3"
"182",174,"Yemen","2,285","","634",NA,"1,435","","216","23","76","21","17,404","575","30,257,479","Asia","13,242","47,725","1,739"
"183",175,"Burundi","2,209","","3",NA,"773","","1,433","","182","0.2","90,019","7,426","12,122,407","Africa","5,488","4,040,802","135"
"184",176,"Turks and Caicos","2,114","","14",NA,"1,873","","227","8","54,118","358","16,831","430,868","39,063","North America","18","2,790","2"
"185",177,"Sint Maarten","2,057","","27",NA,"2,000","","30","2","47,618","625","19,228","445,113","43,198","North America","21","1,600","2"
"186",178,"Liberia","2,014","","85",NA,"1,884","","45","2","392","17","73,921","14,394","5,135,705","Africa","2,550","60,420","69"
"187",179,"Monaco","1,956","","24",NA,"1,710","","222","5","49,612","609","51,953","1,317,734","39,426","Europe","20","1,643","1"
"188",180,"Sao Tome and Principe","1,786","","29",NA,"1,382","","375","","8,051","131","11,592","52,254","221,838","Africa","124","7,650","19"
"189",181,"St. Vincent Grenadines","1,556","","8",NA,"932","","616","2","13,996","72","35,851","322,476","111,174","North America","71","13,897","3"
"190",182,"Saint Martin","1,544","","12",NA,"1,399","","133","7","39,488","307","21,398","547,263","39,100","North America","25","3,258","2"
"191",183,"Papua New Guinea","1,275","","12",NA,"846","","417","","141","1","47,490","5,243","9,058,546","Australia/Oceania","7,105","754,879","191"
"192",184,"Taiwan","955","","9",NA,"919","","27","","40","0.4","174,659","7,325","23,845,388","Asia","24,969","2,649,488","137"
"193",185,"Bhutan","867","","1",NA,"865","","1","","1,116","1","528,646","680,174","777,222","Asia","896","777,222","1"
"194",186,"Cambodia","820","+15","",NA,"477","","343","","49","","493,417","29,245","16,871,637","Asia","20,575","","34"
"195",187,"Antigua and Barbuda","730","","14",NA,"301","","415","40","7,414","142","13,976","141,937","98,466","North America","135","7,033","7"
"196",188,"Diamond Princess","712","","13",NA,"699","","0","","","","","","","","","",""
"197",189,"Bermuda","705","","12",NA,"682","","11","3","11,348","193","174,195","2,803,944","62,125","North America","88","5,177","0"
"198",190,"Faeroe Islands","658","","1",NA,"657","","0","","13,432","20","230,656","4,708,611","48,986","Europe","74","48,986","0"
"199",191,"Mauritius","610","","10",NA,"571","","29","","479","8","289,552","227,426","1,273,169","Africa","2,087","127,317","4"
"200",192,"St. Barth","573","","1",NA,"462","","110","","57,896","101","17,956","1,814,287","9,897","North America","17","9,897","1"
"201",193,"Tanzania","509","","21",NA,"183","","305","7","8","0.3","","","60,847,846","Africa","119,544","2,897,516",""
"202",194,"Isle of Man","484","","25",NA,"411","","48","","5,672","293","32,873","385,241","85,331","Europe","176","3,413","3"
"203",195,"Cayman Islands","444","","2",NA,"413","","29","","6,704","30","73,596","1,111,185","66,232","North America","149","33,116","1"
"204",196,"Caribbean Netherlands","429","","4",NA,"402","","23","","16,260","152","6,520","247,119","26,384","North America","62","6,596","4"
"205",197,"Brunei","186","","3",NA,"181","","2","","422","7","100,667","228,659","440,249","Asia","2,367","146,750","4"
"206",198,"British Virgin Islands","153","","1",NA,"131","","21","","5,039","33","13,223","435,483","30,364","North America","198","30,364","2"
"207",199,"Grenada","148","","1",NA,"147","","0","","1,311","9","20,288","179,748","112,869","North America","763","112,869","6"
"208",200,"Dominica","142","","",NA,"127","","15","","1,969","","11,519","159,753","72,105","North America","508","","6"
"209",201,"Timor-Leste","113","","",NA,"90","","23","","85","","21,323","15,973","1,334,968","Asia","11,814","","63"
"210",202,"Fiji","59","","2",NA,"54","","3","","66","2","30,118","33,437","900,746","Australia/Oceania","15,267","450,373","30"
"211",203,"New Caledonia","58","","",NA,"55","","3","","202","","22,627","78,754","287,313","Australia/Oceania","4,954","","13"
"212",204,"Falkland Islands","54","","",NA,"46","","8","","15,228","","7,009","1,976,593","3,546","South America","66","","1"
"213",205,"Macao","48","","",NA,"47","","1","","73","","4,369","6,668","655,176","Asia","13,650","","150"
"214",206,"Laos","45","","",NA,"42","","3","","6","","112,150","15,268","7,345,197","Asia","163,227","","65"
"215",207,"Saint Kitts and Nevis","41","","",NA,"40","","1","","767","","8,790","164,459","53,448","North America","1,304","","6"
"216",208,"Greenland","30","","",NA,"30","","0","","528","","18,924","332,964","56,835","North America","1,895","","3"
"217",209,"Vatican City","27","","",NA,"15","","12","","33,666","","","","802","Europe","30","",""
"218",210,"Saint Pierre Miquelon","24","","",NA,"16","","8","","4,156","","3,729","645,714","5,775","North America","241","","2"
"219",211,"Montserrat","20","","1",NA,"13","","6","","4,005","200","947","189,628","4,994","North America","250","4,994","5"
"220",212,"Anguilla","18","","",NA,"18","","0","","1,193","","9,742","645,508","15,092","North America","838","","2"
"221",213,"Solomon Islands","18","","",NA,"14","","4","","26","","4,500","6,448","697,934","Australia/Oceania","38,774","","155"
"222",214,"Western Sahara","10","","1",NA,"8","","1","","16","2","","","606,973","Africa","60,697","606,973",""
"223",215,"MS Zaandam","9","","2",NA,"7","","0","","","","","","","","","",""
"224",216,"Wallis and Futuna","9","","",NA,"7","","2","","810","","1,202","108,220","11,107","Australia/Oceania","1,234","","9"
"225",217,"Marshall Islands","4","","",NA,"4","","0","","67","","","","59,454","Australia/Oceania","14,864","",""
"226",218,"Samoa","3","","",NA,"2","","1","","15","","","","199,287","Australia/Oceania","66,429","",""
"227",219,"Micronesia","1","","",NA,"1","","0","","9","","","","115,820","Australia/Oceania","115,820","",""
"228",220,"Vanuatu","1","","",NA,"1","","0","","3","","470","1,507","311,856","Australia/Oceania","311,856","","664"
"229",221,"China","89,912","+19","4,636",NA,"85,066","+27","210","1","62","3","160,000,000","111,163","1,439,323,776","Asia","16,008","310,467","9"
"230",NA,"Total:","33,565,070","+3,360","759,891",468,"23,248,152","+3,964","9,557,027","21,321","","","","","","North America","","",""
"231",NA,"Total:","25,006,779","+2,278","398,356",36,"23,518,954","+3,406","1,089,469","21,930","","","","","","Asia","","",""
"232",NA,"Total:","17,991,688","+463","466,860",21,"16,259,018","+479","1,265,810","18,955","","","","","","South America","","",""
"233",NA,"Total:","34,149,236","+2,097","813,232",25,"23,698,937","+165","9,637,067","25,544","","","","","","Europe","","",""
"234",NA,"Total:","3,924,598","","103,868",NA,"3,484,084","","336,646","2,555","","","","","","Africa","","",""
"235",NA,"Total:","51,168","+7","1,088",NA,"34,286","","15,794","6","","","","","","Australia/Oceania","","",""
"236",NA,"Total:","721","","15",NA,"706","","0","0","","","","","","","","",""
"237",NA,"Total:","114,689,260","+8,205","2,543,310",550,"90,244,137","+8,021","21,901,813","90,311","14,713.6","326.3","","","","All","","",""
